,id,visit,visit_datetime,group,scare_control,scare_outcome,day,datetime,event_no,bodyweight,max_Ftot,max_Fx,max_Fy,time_max_Ftot,Fx_maxFtot,Fy_maxFtot,time_max_Fx,time_max_Fy,max_Fz,time_max_Fz,species,sex,age,exp_order,prev_scares,bw_filled
0,3B00185CB8,first visit,2024-12-12 08:09:28.584496,control,nah,0.0,2024-12-12,2024-12-12 08:09:30.195,1-2024-12-12,,0.12191640270731519,0.11740859192418789,0.027966159911708092,0.117,0.11734166606113207,0.0008565677088074209,0.116,0.369,0.02716317454954714,0.736,bluti,F,6,1,,0
1,3B00485E69,first visit,2024-12-12 08:10:00.774473,control,nah,0.0,2024-12-12,2024-12-12 08:10:02.197,2-2024-12-12,,0.425577256621752,0.3583373664253675,0.02512073525134572,0.304,0.3547573085374384,-0.1967837032932801,0.302,0.077,0.01397284541928168,0.251,bluti,F,6,1,,0
2,3B0018A99B,first visit,2024-12-12 08:10:06.270987,control,nah,0.0,2024-12-12,2024-12-12 08:10:08.197,3-2024-12-12,0.08787484203490604,0.48495776013792763,0.33629302544382,0.024030107415048036,0.663,0.3356863159688143,-0.34999800478961274,0.662,0.006,0.03425436611595064,0.678,bluti,M,5,1,,1
3,3B0018C6F9,first visit,2024-12-12 08:10:24.049161,control,nah,0.0,2024-12-12,2024-12-12 08:10:26.197,4-2024-12-12,0.08954084287233735,0.5604887419202732,0.4181415616379319,0.021861859252018622,0.25,0.40566444744456515,-0.3747385098408079,0.247,0.133,0.014551475078048055,0.265,bluti,M,6,1,,1
4,3B00192E1E,first visit,2024-12-12 08:14:07.308664,control,nah,0.0,2024-12-12,2024-12-12 08:14:09.199,15-2024-12-12,0.09255954814340565,0.4334538998315893,0.3052631662293513,0.03103633381073103,1.091,0.2971672343697473,-0.3149279628614204,1.087,0.648,0.052685788412386865,1.073,bluti,M,6,1,,0
5,3B00199DE5,first visit,2024-12-12 08:14:53.060862,control,nah,0.0,2024-12-12,2024-12-12 08:14:54.200,17-2024-12-12,0.2004198041975517,0.26249894402862156,0.15412815827012033,0.2040204962803838,1.0,-0.1565129431109395,0.2040204962803838,0.964,1.0,0.09546119152886753,0.953,bluti,M,5,1,,0
6,01103F97C4,first visit,2024-12-12 08:18:58.833038,control,nah,0.0,2024-12-12,2024-12-12 08:18:58.202,26-2024-12-12,0.15632453546369732,0.797791139996861,0.6970368275361586,0.053260992316178174,2.697,0.6957405649527642,-0.11411156853072478,2.698,2.671,0.13096033299044388,2.43,greti,M ,5,1,,0
7,3B004CD4DE,first visit,2024-12-12 08:49:59.423019,control,nah,0.0,2024-12-12,2024-12-12 08:50:00.707,37-2024-12-12,0.09654577349817284,0.4937921923796485,0.3219819556217378,0.01080639787160272,0.214,0.31895023966969793,-0.3767728906234401,0.212,0.252,0.06414375997460628,0.227,bluti,M,5,1,,1
8,3B0018C2F6,first visit,2024-12-12 09:12:07.021646,control,nah,0.0,2024-12-12,2024-12-12 09:12:07.724,51-2024-12-12,0.1599103303268931,0.949654357335323,0.6750461111135504,0.049296686687749086,2.215,0.673167962869708,-0.6270816121119065,2.216,1.652,0.25034054091339747,2.219,greti,F,6,1,,0
9,0700ED9568,first visit,2024-12-12 09:23:39.682401,control,nah,0.0,2024-12-12,2024-12-12 09:23:39.732,65-2024-12-12,0.17562770571377215,0.8442369613170456,0.5001560656243969,0.050567697700334174,1.101,0.4956146812757523,-0.6771339823616045,1.099,0.482,0.05979769838200052,0.547,greti,M,6,1,,0
10,3B0019F652,first visit,2024-12-12 10:19:29.674965,control,nah,0.0,2024-12-12,2024-12-12 10:19:30.939,106-2024-12-12,0.08828244836917248,0.2676829240423736,0.2461698330438488,0.01970434307360216,2.076,0.24420501371038217,-0.07656963055605405,2.074,1.548,0.09308221423487986,2.082,bluti,F,5,1,,0
11,3B001877B5,first visit,2024-12-12 12:04:57.520485,control,nah,0.0,2024-12-12,2024-12-12 12:04:57.908,156-2024-12-12,,0.8281021062489448,0.6141071475236678,0.06753708781871343,0.887,0.5953142713994645,-0.5556998398013517,0.883,0.412,0.0754331548626751,0.503,greti,M,5,1,,0
12,3B00186448,first visit,2024-12-12 12:30:51.878715,control,nah,0.0,2024-12-12,2024-12-12 12:30:51.918,178-2024-12-12,0.18013248744753046,0.26594901995665415,0.2658047534680679,0.05370702295729403,4.172,0.2658047534680679,-0.0005307327839296483,4.172,1.036,0.05865418628277058,2.658,greti,M,5,1,,0
13,3B00192E1E,first visit,2024-12-15 08:59:20.976494,control,nah,0.0,2024-12-15,2024-12-15 08:59:21.768,14-2024-12-15,0.09188919325350463,0.05162850243078813,0.04094492939225779,0.020993349665204056,0.835,0.04084046805485875,0.0011220420667374614,0.834,0.868,0.03161076511895841,0.836,bluti,M,6,2,,1
14,3B0018A99B,first visit,2024-12-15 09:22:38.618409,control,nah,0.0,2024-12-15,2024-12-15 09:22:39.783,22-2024-12-15,0.08787484203490603,0.2827658946204864,0.24073116724105018,0.027617445722840205,1.817,0.23870211949827058,-0.12742306896753489,1.816,0.135,0.08568583825482223,1.819,bluti,M,5,2,,1
15,01103FA4B2,first visit,2024-12-15 09:22:53.985668,control,nah,0.0,2024-12-15,2024-12-15 09:22:56.784,23-2024-12-15,,0.5743291900121559,0.4218915954767104,0.03291116135234928,0.902,0.42114391982537525,-0.3836970829155068,0.901,0.416,0.04061538816530343,0.567,bluti,M,6,2,,0
16,3B0019F652,first visit,2024-12-15 10:29:20.329733,control,nah,1.0,2024-12-15,2024-12-15 10:29:21.775,50-2024-12-15,0.08828244836917248,0.37637608818869456,0.2879779031402698,0.024648003510119816,0.867,0.2865715681010389,-0.21814278254832078,0.865,0.605,0.04374349492206482,0.526,bluti,F,5,2,,1
17,3B00182A81,first visit,2024-12-15 11:20:34.576996,control,nah,0.0,2024-12-15,2024-12-15 11:20:35.764,71-2024-12-15,0.09727335020107848,0.5225630024689616,0.30822505794197863,0.03964863793253583,0.509,0.3078825155228855,-0.4076391880490336,0.508,0.089,0.03411722060376596,0.451,bluti,F,6,2,,1
18,01103F9A64,first visit,2024-12-15 11:24:38.616318,control,nah,0.0,2024-12-15,2024-12-15 11:24:39.766,78-2024-12-15,,1.1529448678497518,0.7788464718475373,0.07902964653200137,1.295,0.7652246906035223,-0.8034731528155121,1.292,0.199,0.06222608872768882,0.85,greti,M ,5,2,,0
19,3B00191394,first visit,2024-12-15 15:24:15.894307,control,nah,0.0,2024-12-15,2024-12-15 15:24:17.259,316-2024-12-15,0.09258708524497679,0.5675376417673125,0.4503756529966089,0.015952566604299515,0.986,0.4399996951972441,-0.3421045168299832,0.983,0.582,0.016201986751595197,0.346,bluti,F,5,2,,0
20,3B00186A36,first visit,2024-12-23 08:20:30.825632,control,nah,0.0,2024-12-23,2024-12-23 08:20:32.165,3-2024-12-23,,0.3001943410871983,0.2736460675242581,0.02435921833203863,1.57,0.2728977730698899,-0.08518200154005959,1.569,0.788,0.016342566540662573,1.538,bluti,F,6,3,,0
21,01103F97C4,first visit,2024-12-23 08:24:01.153746,control,nah,0.0,2024-12-23,2024-12-23 08:24:02.167,6-2024-12-23,0.1566003639281066,0.9745804550912234,0.7332670567451871,0.057503526828326046,1.783,0.7259422913266798,-0.554322287315038,1.781,1.101,0.09575454214453094,1.182,greti,M ,5,3,,1
22,3B0019B8CC,first visit,2024-12-23 08:25:33.532846,control,nah,0.0,2024-12-23,2024-12-23 08:25:35.167,7-2024-12-23,0.15095176378857167,0.9213532297322886,0.6115314916198373,0.04677670930435806,0.734,0.5754322462988989,-0.636454162597698,0.728,0.359,0.09011292629153878,0.489,greti,F,5,3,,0
23,3B00192E1E,first visit,2024-12-23 08:28:17.014026,control,nah,0.0,2024-12-23,2024-12-23 08:28:18.171,12-2024-12-23,0.09188919325350463,0.4172634398311083,0.30534329933377713,0.034320223593816465,1.016,0.3045967700393865,-0.282980304458031,1.015,0.001,0.04289515057026406,1.009,bluti,M,6,3,,1
24,01103F9A64,first visit,2024-12-23 08:28:22.949721,control,nah,0.0,2024-12-23,2024-12-23 08:28:24.169,13-2024-12-23,,1.0337746897023048,0.6981013659307094,0.03830255249294534,1.007,0.6775923716414628,-0.7611587476219241,1.003,0.001,0.08003246653049487,0.055,greti,M ,5,3,,0
25,3B004CD4DE,first visit,2024-12-23 08:35:59.750834,control,nah,0.0,2024-12-23,2024-12-23 08:36:01.175,19-2024-12-23,0.09654577349817284,0.531570436924795,0.3728124998604901,0.05247183168334777,0.378,0.3716872331933096,-0.37892371264876157,0.377,0.074,0.0355723066281171,0.328,bluti,M,5,3,,1
26,011016B2E1,first visit,2024-12-23 08:37:21.646568,control,nah,0.0,2024-12-23,2024-12-23 08:37:21.176,22-2024-12-23,0.09373981796219104,0.5593042542598875,0.37812622621427217,0.035691855187999236,2.469,0.3779971024491723,-0.4117478930225133,2.47,2.171,0.07784886868926763,0.07,bluti,F,6,3,,0
27,3B0018A99B,first visit,2024-12-23 09:19:32.438589,control,nah,0.0,2024-12-23,2024-12-23 09:19:33.841,47-2024-12-23,0.08787484203490603,0.21722655061656013,0.17935566144889048,0.0340926704670762,0.528,0.17935566144889048,-0.0904316677205254,0.528,0.039,0.0856341563599048,0.53,bluti,M,5,3,,1
28,3B00190DF0,first visit,2024-12-23 09:34:24.090749,control,nah,0.0,2024-12-23,2024-12-23 09:34:24.852,56-2024-12-23,0.1743258769738473,1.071433966678184,0.756147695457724,0.049606981337617075,1.558,0.7425916088291337,-0.7566399390560526,1.555,0.82,0.18577934337253083,1.551,greti,M,6,3,,0
29,3B004AB6A7,first visit,2024-12-23 09:38:10.551493,control,nah,0.0,2024-12-23,2024-12-23 09:38:11.853,62-2024-12-23,0.0822700432833303,0.46883157777261236,0.42602633030036213,0.06885293361694834,0.495,0.42557974863624765,-0.17798194584263274,0.494,0.46,0.11780287952196951,0.437,bluti,M,5,3,,1
30,3B001857EE,first visit,2024-12-23 10:45:53.200945,control,nah,0.0,2024-12-23,2024-12-23 10:45:54.846,139-2024-12-23,0.07670695493638918,0.2929979734720029,0.21315968199176974,0.01150567403517104,0.754,0.20741626735944627,-0.2066584169380905,0.75,0.202,0.022231880151847024,0.76,bluti,M,6,3,,0
31,3B004B0F76,first visit,2024-12-23 11:09:14.032008,control,nah,0.0,2024-12-23,2024-12-23 11:09:15.818,180-2024-12-23,,0.5687914888609904,0.4893621633604191,0.14987086227783714,0.059,0.4889397173957421,-0.21442853662472805,0.058,0.039,0.10019920316960321,0.03,greti,F,5,3,,0
32,3B00191394,first visit,2024-12-23 11:45:49.866523,control,nah,0.0,2024-12-23,2024-12-23 11:45:50.836,232-2024-12-23,0.09451346745749725,0.4940235185178266,0.4033364633838899,0.022725608958204007,0.785,0.3974669603165814,-0.29085224915419444,0.783,0.65,0.019344279322007846,0.14,bluti,F,5,3,,0
33,3B00199DE5,first visit,2024-12-23 11:47:35.569495,control,nah,0.0,2024-12-23,2024-12-23 11:47:36.835,238-2024-12-23,0.10237660710768515,0.26618599333607057,0.21526539324658972,0.04449204634384026,2.329,0.21446371015851165,-0.1564643367042828,2.33,1.656,0.08621550163030435,2.263,bluti,M,5,3,,0
34,3B004CD4DE,first visit,2024-12-31 08:22:00.983710,control,nah,0.0,2024-12-31,2024-12-31 08:22:02.341,1-2024-12-31,0.09654577349817284,0.5503795835361864,0.3798328177749941,0.02251792718622102,1.107,0.3760525030040008,-0.40101260080275847,1.105,0.023,0.027173962000348054,0.074,bluti,M,5,4,,1
35,3B00182A81,first visit,2024-12-31 08:22:45.968668,control,nah,0.0,2024-12-31,2024-12-31 08:22:47.340,2-2024-12-31,0.09727335020107848,0.499935223601264,0.366005928083078,0.021965132265506004,0.508,0.36433075841696755,-0.3199558682036449,0.507,0.021,0.0239966745709016,0.414,bluti,F,6,4,,1
36,3B00190DF0,first visit,2024-12-31 08:28:28.865766,control,nah,0.0,2024-12-31,2024-12-31 08:28:30.344,9-2024-12-31,0.1743258769738473,1.030888714677693,0.7552228657671962,0.03964477702359664,0.442,0.7453751624381032,-0.7069086391182697,0.44,0.466,0.035972685545823356,0.186,greti,M,6,4,,1
37,3B00192E1E,first visit,2024-12-31 08:35:35.468424,control,nah,0.0,2024-12-31,2024-12-31 08:35:37.350,12-2024-12-31,0.09188919325350463,0.44332624535146203,0.33986743296462485,0.022376184490956907,0.27,0.33942022754745543,-0.27883462745959825,0.269,0.119,0.07706119643137244,0.263,bluti,M,6,4,,1
38,3B0018A99B,first visit,2024-12-31 09:00:45.074557,control,nah,0.0,2024-12-31,2024-12-31 09:00:46.322,33-2024-12-31,0.08787484203490603,0.09467091530064675,0.09277387614290511,0.01432025726082457,0.001,0.09277387614290511,0.009194884573628288,0.001,0.013,0.016463420269214626,0.001,bluti,M,5,4,,1
39,3B001857EE,first visit,2024-12-31 09:20:20.089977,control,nah,0.0,2024-12-31,2024-12-31 09:20:21.337,36-2024-12-31,0.11176388624743538,0.24516771920539782,0.19216226527347316,0.0071320240230922,0.326,0.18632652657814128,-0.15466912923268128,0.322,0.357,0.04028437961700245,0.328,bluti,M,6,4,,1
40,3B004873F2,first visit,2024-12-31 09:20:30.947038,control,nah,0.0,2024-12-31,2024-12-31 09:20:32.336,37-2024-12-31,,0.5035825950185344,0.34058100619406234,0.03140833955497352,0.551,0.33975954078681136,-0.3638960634878087,0.55,0.393,0.036489947781043496,0.503,bluti,F,5,4,,0
41,0700ED9568,first visit,2024-12-31 09:23:53.520364,control,nah,0.0,2024-12-31,2024-12-31 09:23:54.338,43-2024-12-31,0.16445097324084065,0.17482578704912766,0.08740095456789562,0.14450047401676472,2.0,0.07977546449808302,0.14450047401676472,1.192,2.0,0.07336700548955291,1.139,greti,M,6,4,,1
42,3B004BF067,first visit,2024-12-31 09:30:06.981538,control,nah,0.0,2024-12-31,2024-12-31 09:30:08.343,51-2024-12-31,0.09570952252971193,0.09174913833143634,0.09154808555903893,0.01665065651621077,0.054,0.09154096549081381,0.00022480372563544684,0.053,0.287,0.02864230350455184,0.262,bluti,F,6,4,,1
43,3B004AB6A7,first visit,2024-12-31 09:32:28.104321,control,nah,0.0,2024-12-31,2024-12-31 09:32:29.346,55-2024-12-31,0.0822700432833303,0.5031315582942492,0.3056020379967907,0.034960282150775034,2.18,0.29764990290772053,-0.40506905808362015,2.177,1.928,0.06680422978623878,2.16,bluti,M,5,4,,0
44,3B0019F652,first visit,2024-12-31 09:34:14.184846,control,nah,0.0,2024-12-31,2024-12-31 09:34:15.345,57-2024-12-31,0.08828244836917248,0.20028054940154455,0.18926931808775715,0.039317213324620674,0.945,0.18878645726469995,-0.05337275843849128,0.944,0.443,0.04538628305791191,0.949,bluti,F,5,4,,1
45,3B00182A81,first visit,2025-01-03 08:03:57.882020,control,nah,0.0,2025-01-03,2025-01-03 08:03:58.694,1-2025-01-03,0.09727335020107848,0.469586988767773,0.36229666122044646,0.016870507311802382,0.417,0.35505375432126957,-0.28286779024861974,0.414,0.041,0.010578604078235881,0.067,bluti,F,6,5,,1
46,3B0018C6F9,first visit,2025-01-03 08:04:15.903246,control,nah,0.0,2025-01-03,2025-01-03 08:04:15.695,2-2025-01-03,0.08791599722202037,0.5554184181610173,0.4245489172635198,0.02842598479175505,1.592,0.4213423812370844,-0.32641188431634505,1.591,1.45,0.04993448660431486,0.89,bluti,M,6,5,,0
47,3B00190DF0,first visit,2025-01-03 08:05:56.170249,control,nah,0.0,2025-01-03,2025-01-03 08:05:57.695,5-2025-01-03,0.1743258769738473,1.0024044322929935,0.7540033087814326,0.04016647760112088,1.378,0.7387737873006076,-0.6639143601856397,1.375,0.874,0.029639814396331857,1.393,greti,M,6,5,,1
48,3B0018A99B,first visit,2025-01-03 08:10:59.440389,control,nah,0.0,2025-01-03,2025-01-03 08:11:00.699,9-2025-01-03,0.08731233137960664,0.27077738353611275,0.23485094322732217,0.017935480839012054,3.004,0.2326744525405612,-0.13426828497386853,3.002,2.386,0.030240111484565776,2.709,bluti,M,5,5,,0
49,3B00192E1E,first visit,2025-01-03 08:19:25.685982,control,nah,0.0,2025-01-03,2025-01-03 08:19:26.703,12-2025-01-03,0.0912188383636036,0.4206697994701288,0.3327364288205105,0.039509098388146875,1.328,0.32724515770717183,-0.2603487561335163,1.325,0.811,0.08115797043243664,1.307,bluti,M,6,5,,0
50,3B004CD4DE,first visit,2025-01-03 08:19:40.179199,control,nah,0.0,2025-01-03,2025-01-03 08:19:41.705,13-2025-01-03,0.09654577349817284,0.5540667518814225,0.3733299346912813,0.014131778724167543,0.547,0.371224555802066,-0.40985177718922483,0.545,0.451,0.024381283890062017,0.508,bluti,M,5,5,,1
51,3B00186A36,first visit,2025-01-03 08:20:02.248125,control,nah,0.0,2025-01-03,2025-01-03 08:20:03.703,15-2025-01-03,,0.11950837244776137,0.11860582769206442,0.015345637956342218,0.312,0.11860582769206442,0.01058578355824668,0.312,0.32,0.020266538917481165,1.429,bluti,F,6,5,,0
52,3B004BF067,first visit,2025-01-03 08:22:16.778020,control,nah,0.0,2025-01-03,2025-01-03 08:22:17.704,22-2025-01-03,0.09570952252971193,0.38721609539532015,0.33196566149537665,0.023072015008104768,0.001,0.33196566149537665,-0.1961275402355033,0.001,0.176,0.0459990459785448,2.099,bluti,F,6,5,,0
53,01103F88A1,first visit,2025-01-03 09:09:38.237418,control,nah,0.0,2025-01-03,2025-01-03 09:09:39.887,47-2025-01-03,,0.44420590750173594,0.3686975393881969,0.02423889370573132,0.56,0.36772411158276785,-0.18392822497563002,0.559,0.362,0.030595515517257442,0.171,bluti,M,6,5,,0
54,01103F9A64,first visit,2025-01-03 09:49:42.317763,control,nah,0.0,2025-01-03,2025-01-03 09:49:43.857,78-2025-01-03,,0.2389298146859552,0.0803247722960635,0.07745192706547935,1.934,-0.23887237236113137,0.005169938197149064,1.89,1.24,0.09166738791917592,1.623,greti,M ,5,5,,0
55,3B001857EE,first visit,2025-01-03 10:54:01.653766,control,nah,0.0,2025-01-03,2025-01-03 10:54:02.843,127-2025-01-03,0.09599972843121395,0.6064263249318503,0.26245858543047496,0.04255297360127976,3.76,0.2473476494435483,-0.5526675779139524,0.763,3.741,0.0749407640029722,1.578,bluti,M,6,5,,0
56,3B00199DE5,first visit,2025-01-03 12:44:23.154104,control,nah,0.0,2025-01-03,2025-01-03 12:44:24.285,202-2025-01-03,0.09688594108618648,0.6074544553870764,0.49177773865179414,0.038222878013701056,0.599,0.4826258436680339,-0.3553548348418584,0.596,0.234,0.03256712343779692,0.278,bluti,M,5,5,,0
57,3B004873F2,first visit,2025-01-21 08:26:18.995456,control,nah,0.0,2025-01-21,2025-01-21 08:26:20.587,5-2025-01-21,,0.5269502035809057,0.3501465262034607,0.033184663357148585,0.525,0.3499453322607005,-0.37629925807385195,0.526,0.001,0.049668459246327595,0.053,bluti,F,5,6,,0
58,3B0018A99B,first visit,2025-01-21 08:29:35.183319,control,nah,0.0,2025-01-21,2025-01-21 08:29:36.589,9-2025-01-21,0.08843735269020545,0.48494108297858524,0.4395482996689572,0.023952148526104774,3.398,0.4351773943679018,-0.21335552110573947,3.396,3.213,0.0460470416915056,3.409,bluti,M,5,6,,0
59,3B00484043,first visit,2025-01-21 08:38:52.328803,control,nah,0.0,2025-01-21,2025-01-21 08:38:53.597,20-2025-01-21,,0.48013210869527245,0.45209686467271565,0.0245659326434753,1.45,0.4514512979069333,-0.15555106284219233,1.449,1.286,0.042302530855752626,1.218,bluti,F,5,6,,0
60,3B004CEFFE,first visit,2025-01-21 09:06:10.981090,control,nah,0.0,2025-01-21,2025-01-21 09:06:11.604,30-2025-01-21,0.09827210866085144,0.46777940302037063,0.3256269605686722,0.025317850673909344,2.015,0.3211454716597514,-0.3400885726657465,2.011,0.001,0.019180445276885758,1.793,bluti,F,5,6,,0
61,3B004AB6A7,first visit,2025-01-21 09:22:54.856605,control,nah,0.0,2025-01-21,2025-01-21 09:22:56.565,41-2025-01-21,0.0822700432833303,0.557470256539876,0.4482004620330554,0.02655225043194873,0.778,0.44409423696474487,-0.301268137891082,0.776,0.001,0.16629387063455303,0.77,bluti,M,5,6,,1
62,3B0019F652,first visit,2025-01-21 09:24:25.120773,control,nah,0.0,2025-01-21,2025-01-21 09:24:26.566,44-2025-01-21,0.08828244836917248,0.06296943398666575,0.06176053035367743,0.018242348083158604,0.235,0.06176053035367743,0.010504334124626868,0.235,0.687,0.024435491859654674,0.895,bluti,F,5,6,,1
63,3B004C0894,first visit,2025-01-21 09:29:59.652438,control,nah,0.0,2025-01-21,2025-01-21 09:30:00.570,52-2025-01-21,,0.8435212320682663,0.6511461078603741,0.03586035589546336,2.933,0.6429093993920899,-0.49870239569665703,2.93,2.407,0.03818343847447885,0.944,bluti,F,5,6,,0
64,3B00185E23,first visit,2025-01-21 10:59:30.517103,control,nah,0.0,2025-01-21,2025-01-21 10:59:30.684,102-2025-01-21,0.10957932261931869,0.4791235372845339,0.3847611121915438,0.02852247227473753,2.466,0.3814659088377466,-0.26136857300516586,2.464,0.619,0.045169134145633554,0.222,bluti,M,6,6,,0
65,01101763D0,first visit,2025-01-21 12:51:06.390421,control,nah,0.0,2025-01-21,2025-01-21 12:51:08.424,184-2025-01-21,0.15525916322636196,0.0450539308956593,0.03873042030861156,0.021061839132458317,0.631,-0.03982302334031429,-0.017482513806209972,0.158,0.729,0.02412539453452926,0.827,greti,M,6,6,,1
66,3B00199DE5,first visit,2025-01-21 12:58:37.987986,control,nah,0.0,2025-01-21,2025-01-21 12:58:39.428,196-2025-01-21,0.1332274507971411,0.485134136240362,0.40389426267669365,0.025595404758592042,0.633,0.3867075948832763,-0.29206200390205955,0.626,0.15,0.03261174215342171,0.359,bluti,M,5,6,,1
67,3B004C0894,first visit,2025-01-24 08:11:03.990593,control,nah,0.0,2025-01-24,2025-01-24 08:11:05.782,7-2025-01-24,,0.4936784153508111,0.3462042528433548,0.019012106486815915,0.597,0.3378134063730895,-0.32779946919450487,0.593,0.549,0.16184389796600288,0.587,bluti,F,5,7,,0
68,3B00192E1E,first visit,2025-01-24 08:29:22.358626,control,nah,0.0,2025-01-24,2025-01-24 08:29:23.434,19-2025-01-24,0.09188919325350463,0.47941315824250497,0.3461873787474344,0.03331594927961139,1.07,0.3461873787474344,-0.3298433950261747,1.07,0.686,0.04410723709885936,1.064,bluti,M,6,7,,1
69,3B0018D520,first visit,2025-01-24 08:33:40.615819,control,nah,0.0,2025-01-24,2025-01-24 08:33:42.440,23-2025-01-24,,0.5309949806884622,0.42595141641630285,0.014371022365171852,0.11,0.41561255555120713,-0.3125676154266618,0.106,0.137,0.0024946735627220567,0.135,bluti,F,6,7,,0
70,3B004D0071,first visit,2025-01-24 09:13:02.727885,control,nah,0.0,2025-01-24,2025-01-24 09:13:04.414,44-2025-01-24,,0.5479141586434569,0.45896514258295423,0.01840257779745299,1.589,0.45896514258295423,-0.23347480217296443,1.589,0.312,0.019770362932778215,1.385,bluti,F,5,7,,0
71,3B00182DFC,first visit,2025-01-24 09:23:28.347415,control,nah,0.0,2025-01-24,2025-01-24 09:23:29.422,48-2025-01-24,0.087753712300349,0.3825625404198138,0.18895217632575348,0.027796360412022623,2.368,0.12994772897956117,-0.35645007526390526,2.311,2.076,0.11536291060930695,3.312,bluti,F,6,7,,0
72,011016B2E1,first visit,2025-01-24 09:28:52.363269,control,nah,0.0,2025-01-24,2025-01-24 09:28:53.426,51-2025-01-24,0.09640342470470295,0.5693752003698893,0.5151788354559395,0.04007242097195083,1.242,0.5146648365243411,-0.18746776775476418,1.241,1.033,0.07846655099505562,1.887,bluti,F,6,7,,1
73,3B004873F2,first visit,2025-01-24 10:19:07.416072,control,nah,0.0,2025-01-24,2025-01-24 10:19:08.414,76-2025-01-24,,0.5461171218276987,0.33393774763678197,0.03769530013988592,1.052,0.33224986134320256,-0.4220356370790685,1.054,0.599,0.04521839355280808,0.424,bluti,F,5,7,,0
74,3B001857EE,first visit,2025-01-24 10:38:23.772530,control,nah,0.0,2025-01-24,2025-01-24 10:38:23.428,104-2025-01-24,0.11176388624743538,0.4741073152052816,0.31601942772254665,0.03237583999132919,3.857,0.312555939141359,-0.3519313442146115,3.855,1.78,0.03953040932489368,3.645,bluti,M,6,7,,1
75,01103F97C4,first visit,2025-01-24 12:03:13.515372,control,nah,0.0,2025-01-24,2025-01-24 12:03:15.186,188-2025-01-24,0.1566003639281066,0.953930471829673,0.7147810277397318,0.03260221386821528,0.922,0.7047356813561111,-0.6022076992560147,0.919,1.0,0.05256956024888056,0.188,greti,M ,5,7,,1
76,3B001877B5,first visit,2025-01-24 12:11:14.348814,control,nah,0.0,2025-01-24,2025-01-24 12:11:14.161,192-2025-01-24,,0.4845023768792295,0.40050460304716895,0.014439002612497767,0.097,0.38688551421667083,-0.27210149610955103,0.092,0.001,0.11026921225027886,0.1,greti,M,5,7,,0
77,3B00185E23,first visit,2025-01-24 15:05:36.949487,control,nah,0.0,2025-01-24,2025-01-24 15:05:38.177,404-2025-01-24,0.10957932261931869,0.5677528839004908,0.4532071987893053,0.039099668086022395,1.714,0.43716504087900215,-0.357276608144236,1.71,1.415,0.03899735183234716,1.653,bluti,M,6,7,,1
78,3B00192E1E,first visit,2025-01-30 07:59:30.091048,control,nah,0.0,2025-01-30,2025-01-30 07:59:31.603,1-2025-01-30,0.09188919325350463,0.4229014354168313,0.30297190200539104,0.02667746908717945,1.133,0.302066402417262,-0.29563692968488514,1.132,0.465,0.024787396926514074,0.745,bluti,M,6,8,,1
79,3B001816CC,first visit,2025-01-30 07:59:39.191091,control,nah,0.0,2025-01-30,2025-01-30 07:59:40.603,2-2025-01-30,0.0890337103336595,0.5737787211832203,0.5417102136470635,0.026453166667603084,1.718,0.5417102136470635,-0.1881564408262141,1.718,1.182,0.05591155728989558,1.699,bluti,F,6,8,,0
80,3B00186A36,first visit,2025-01-30 08:02:37.184982,control,nah,0.0,2025-01-30,2025-01-30 08:02:38.604,6-2025-01-30,,0.10096686165715216,0.09896621194898322,0.03189406658290925,0.947,0.09896621194898322,0.007619991002859806,0.947,0.001,0.021754495883104307,0.942,bluti,F,6,8,,0
81,3B00484043,first visit,2025-01-30 08:30:50.669030,control,nah,0.0,2025-01-30,2025-01-30 08:30:52.158,10-2025-01-30,,0.44361357821968517,0.3635217304781331,0.01641161668127853,0.15,0.35010808590847986,-0.26925750072694893,0.145,0.01,0.057899940070765835,0.14,bluti,F,5,8,,0
82,3B004CDB63,first visit,2025-01-30 08:48:15.870525,control,nah,0.0,2025-01-30,2025-01-30 08:48:15.172,16-2025-01-30,,0.8705993989348627,0.6746063686217618,0.028786839319763637,0.203,0.6622008754749652,-0.5644978667605901,0.2,0.227,0.039266342507569364,0.215,bluti,M,5,8,,0
83,01101763D0,first visit,2025-01-30 09:26:42.163499,control,nah,0.0,2025-01-30,2025-01-30 09:26:43.138,23-2025-01-30,0.155886493745153,0.7740861937304224,0.5593695769224499,0.05278867113344335,1.089,0.5485991998026052,-0.5231862360349958,1.086,0.191,0.04974078285697317,0.245,greti,M,6,8,,0
84,3B0018C6F9,first visit,2025-01-30 09:46:43.419112,control,nah,0.0,2025-01-30,2025-01-30 09:46:45.152,29-2025-01-30,0.08954084287233734,0.5561399852893156,0.42234940791698655,0.010532959564184355,0.001,0.42234940791698655,-0.32679207820700384,0.001,0.028,0.005621616755890497,0.021,bluti,M,6,8,,1
85,3B004873F2,first visit,2025-01-30 09:57:23.400797,control,nah,0.0,2025-01-30,2025-01-30 09:57:25.159,30-2025-01-30,,0.54225348824069,0.3482596499508717,0.011010970020011557,0.071,0.3482596499508717,-0.4112012393026386,0.071,0.106,0.04579457991250811,0.031,bluti,F,5,8,,0
86,011016B2E1,first visit,2025-01-30 10:23:51.827684,control,nah,0.0,2025-01-30,2025-01-30 10:23:53.127,42-2025-01-30,0.09438024282195127,0.5989919281115225,0.40858774559191924,0.023577348920962114,4.663,0.40858774559191924,-0.4374247418746949,4.663,2.494,0.035287350264320026,2.666,bluti,F,6,8,,0
87,3B001857EE,first visit,2025-01-30 11:57:35.054553,control,nah,0.0,2025-01-30,2025-01-30 11:57:36.256,69-2025-01-30,0.11176388624743538,0.07809998724201538,0.07591838031025963,0.03786608571361261,0.485,0.0679996721329229,0.018195089136242893,0.011,0.513,0.01699517273056417,0.509,bluti,M,6,8,,1
88,3B004C0894,first visit,2025-02-06 07:44:05.255197,control,nah,0.0,2025-02-06,2025-02-06 07:44:06.534,1-2025-02-06,,0.45078710507551956,0.3643261629297658,0.03077990411831511,1.675,0.35484241396418165,-0.26938900579703,1.672,0.232,0.034314196196853025,1.69,bluti,F,5,9,,0
89,3B0019B8CC,first visit,2025-02-06 07:46:18.583231,control,nah,0.0,2025-02-06,2025-02-06 07:46:19.535,2-2025-02-06,0.15095176378857167,0.8332484706992648,0.4855794569503986,0.02861520645911022,1.064,0.483589189082807,-0.673832816337222,1.062,0.001,0.08917796461051052,0.001,greti,F,5,9,,1
90,3B004CEFFE,first visit,2025-02-06 08:45:09.246096,control,nah,0.0,2025-02-06,2025-02-06 08:45:10.508,9-2025-02-06,0.09405692933660788,0.5384747428776516,0.4198066690950737,0.018863244007177638,0.523,0.417342967515679,-0.29019776585835233,0.522,0.161,0.024086590414956456,0.112,bluti,F,5,9,,0
91,3B0049A710,first visit,2025-02-06 08:48:02.836873,control,nah,0.0,2025-02-06,2025-02-06 08:48:04.510,12-2025-02-06,,0.09686048747811166,0.08796337522636223,0.032763780801221214,0.726,-0.0954342712968684,-0.009613895912878872,0.763,0.522,0.01943253381131632,1.982,bluti,M,5,9,,0
92,3B0018A99B,first visit,2025-02-06 08:48:30.177906,control,nah,0.0,2025-02-06,2025-02-06 08:48:31.511,14-2025-02-06,0.08787484203490603,0.27393060134627106,0.23017368745035616,0.005357724003394873,1.161,0.2266070485108811,-0.14585132630732314,1.158,1.188,0.05548805061258804,1.165,bluti,M,5,9,,1
93,3B00484043,first visit,2025-02-06 08:52:50.279963,control,nah,1.0,2025-02-06,2025-02-06 08:52:51.515,23-2025-02-06,,0.4931327367560029,0.38594064371387227,0.06417039525427161,0.307,0.2189461194839014,-0.4399057973191448,0.424,0.288,0.08253282013354757,0.687,bluti,F,5,9,,0
94,01103FD532,first visit,2025-02-06 09:42:41.470436,control,nah,0.0,2025-02-06,2025-02-06 09:42:42.482,50-2025-02-06,,0.9826730734692809,0.6032174543850565,0.04357877134908176,1.523,0.5945280892339649,-0.7822156042415154,1.52,0.647,0.0651108151230151,1.131,greti,M,5,9,,0
95,011016B2E1,first visit,2025-02-06 10:03:27.577354,control,nah,0.0,2025-02-06,2025-02-06 10:03:28.494,64-2025-02-06,0.09747492267949914,0.7937352479918918,0.1458227220496715,0.04060474202182545,0.001,-0.04280382873585657,-0.7924815295080538,0.009,0.389,0.025191981540893305,0.217,bluti,F,6,9,,0
96,3B004ACEEA,first visit,2025-02-06 10:15:55.333094,control,nah,0.0,2025-02-06,2025-02-06 10:15:56.452,85-2025-02-06,0.09329096082228651,0.5087381573837403,0.39473441126413555,0.0427894171944274,0.782,0.39088417113925245,-0.3209966068568793,0.78,0.221,0.11323201649044624,0.77,bluti,M,5,9,,0
97,3B001857EE,first visit,2025-02-06 10:21:50.284228,control,nah,0.0,2025-02-06,2025-02-06 10:21:51.447,95-2025-02-06,0.11176388624743538,0.29321258638893716,0.24407759639332655,0.02716047673793452,1.5,0.2408790535591002,-0.1668707820485342,1.498,0.381,0.02610305142211469,0.368,bluti,M,6,9,,1
98,3B004CD4DE,first visit,2025-02-06 10:30:02.619874,control,nah,0.0,2025-02-06,2025-02-06 10:30:03.451,102-2025-02-06,0.09654577349817284,0.7771746347814645,0.7401077793880232,0.20230822413065805,0.001,0.7401077793880232,0.20230822413065805,0.001,0.001,0.021651425166121622,0.012,bluti,M,5,9,,1
99,3B004AB6A7,first visit,2025-02-06 16:01:18.846655,control,nah,0.0,2025-02-06,2025-02-06 16:01:20.429,152-2025-02-06,0.0822700432833303,0.38613583144801383,0.3442679655281822,0.03249965793774088,1.085,0.34343799068624914,-0.1698279208485597,1.084,0.846,0.07657464588054454,1.073,bluti,M,5,9,,1
100,0700ED9568,first visit,2025-02-06 16:07:22.443979,control,nah,0.0,2025-02-06,2025-02-06 16:07:23.433,163-2025-02-06,0.16195954724462217,0.9563051360567209,0.593385568949823,0.03891076092354025,0.765,0.5907277642481988,-0.7458542352425981,0.764,0.198,0.09342023062787129,0.314,greti,M,6,9,,0
101,3B00484043,first visit,2025-02-12 08:15:34.148362,control,nah,0.0,2025-02-12,2025-02-12 08:15:36.114,5-2025-02-12,,0.17548250607743873,0.17387291438631322,0.03468190589346358,0.496,0.17387291438631322,0.01883573832225859,0.496,0.471,0.022890161207213773,0.001,bluti,F,5,10,,0
102,01103FD2E8,first visit,2025-02-12 08:42:43.059053,control,nah,0.0,2025-02-12,2025-02-12 08:42:44.527,17-2025-02-12,,0.19976107029096626,0.1041546996164844,0.047378910929374365,1.0,-0.19252852232580916,-0.04777764424112709,0.97,0.353,0.019870607531179467,0.977,greti,F ,5,10,,0
103,3B00191394,first visit,2025-02-12 08:42:50.584171,control,nah,0.0,2025-02-12,2025-02-12 08:42:51.528,18-2025-02-12,0.09355027635123703,0.6047326507842062,0.26832689293156176,0.0809749654577554,0.92,0.22535297853795577,-0.5598358769291184,0.925,0.322,0.03951014219726739,0.919,bluti,F,5,10,,1
104,01103F9A64,first visit,2025-02-12 08:49:42.898324,control,nah,0.0,2025-02-12,2025-02-12 08:49:44.533,28-2025-02-12,,0.16854438096147303,0.09038116609121301,0.051390739992527947,1.983,-0.16835212482713344,-0.008006939797934624,1.944,1.948,0.06702267758693513,0.752,greti,M ,5,10,,0
105,3B004AE3AB,first visit,2025-02-12 09:19:56.231193,control,nah,0.0,2025-02-12,2025-02-12 09:19:57.498,47-2025-02-12,,0.5494050045404147,0.4100427128879859,0.04727225212584151,0.603,0.39905595934660665,-0.3585224524424756,0.599,0.167,0.03269689451207516,0.621,bluti,M,5,10,,0
106,0700ED9568,first visit,2025-02-12 09:32:57.702504,control,nah,0.0,2025-02-12,2025-02-12 09:32:59.507,53-2025-02-12,0.15576566676412762,0.9287866548092448,0.5455088393488962,0.05232055024280341,1.349,0.5433562170122472,-0.751662459578584,1.347,0.799,0.08181303279438432,0.702,greti,M,6,10,,0
107,3B004CA42C,first visit,2025-02-12 09:40:22.208673,control,nah,0.0,2025-02-12,2025-02-12 09:40:23.510,55-2025-02-12,0.09949241400676387,0.5028675460649367,0.42396587865788493,0.013809109626321767,0.386,0.41680266445360165,-0.257019238632236,0.383,0.095,0.14451361210906288,0.378,bluti,F,6,10,,1
108,3B0019B8CC,first visit,2025-02-12 09:52:59.894514,control,nah,0.0,2025-02-12,2025-02-12 09:53:00.517,71-2025-02-12,0.15095176378857167,0.9232261551461791,0.7813183151629246,0.04250228040823495,0.001,0.7813183151629246,-0.4917978534532596,0.001,1.554,0.07504312641064967,0.02,greti,F,5,10,,1
109,3B001870F2,first visit,2025-02-12 09:58:03.260501,control,nah,0.0,2025-02-12,2025-02-12 09:58:04.520,87-2025-02-12,,0.5208249421802651,0.4363304194221851,0.02323917341403682,0.775,0.43466218206698654,-0.23992109842807768,0.774,0.044,0.019209667309182343,0.622,bluti,M,5,10,,0
110,3B00182DFC,first visit,2025-02-12 10:14:36.357721,control,nah,0.0,2025-02-12,2025-02-12 10:14:37.500,124-2025-02-12,0.087753712300349,0.5427133033049093,0.40645614883707415,0.03748954989367189,1.773,0.4061169431457749,-0.35951226633960726,1.774,0.715,0.055799305762447654,1.761,bluti,F,6,10,,1
111,3B004DB16E,first visit,2025-02-12 10:15:54.291726,control,nah,0.0,2025-02-12,2025-02-12 10:15:54.488,128-2025-02-12,,0.5957274765413149,0.49875794224530795,0.016231509294569395,1.151,0.4497529279864275,-0.3729461736987825,0.176,0.282,0.06233120335140677,0.7,bluti,M,6,10,,0
112,3B00182A81,first visit,2025-02-12 10:27:16.579275,control,nah,0.0,2025-02-12,2025-02-12 10:27:17.487,147-2025-02-12,0.09727335020107848,0.5531584913670302,0.14693896548273755,0.06577635451711307,0.998,0.12685765273264002,-0.5384114700152358,1.002,1.199,0.09333607178298045,1.191,bluti,F,6,10,,0
113,3B004CD4DE,first visit,2025-02-12 10:27:34.288650,control,nah,0.0,2025-02-12,2025-02-12 10:27:35.487,149-2025-02-12,0.09654577349817284,0.4806100211398324,0.350485029387973,0.06589226889268293,1.3,0.34995140879880476,-0.31145523777830514,1.299,0.471,0.03549409200943621,0.753,bluti,M,5,10,,0
114,3B0019248A,first visit,2025-02-12 10:45:59.576147,control,nah,0.0,2025-02-12,2025-02-12 10:46:00.495,190-2025-02-12,,0.111084764883069,0.10511739179258384,0.038356560938004026,0.092,0.10511739179258384,0.025880387577859428,0.092,1.192,0.022302095414468464,0.211,bluti,M,6,10,,0
115,3B004C4B80,first visit,2025-02-12 11:02:44.920132,control,nah,0.0,2025-02-12,2025-02-12 11:02:45.506,207-2025-02-12,,0.4222974174428105,0.3613687734898699,0.01437589093476097,0.753,0.3613687734898699,-0.14864995318622853,0.753,0.243,0.08533210327408434,0.332,bluti,M,6,10,,0
116,3B0048BD5D,first visit,2025-02-12 12:36:59.520799,control,nah,0.0,2025-02-12,2025-02-12 12:37:00.475,418-2025-02-12,,0.4990316179956191,0.3842654448439721,0.019988479622999288,0.601,0.3783449082220554,-0.3226971661915888,0.599,0.437,0.07629764640181769,0.587,bluti,F,6,10,,0
117,3B004D0071,first visit,2025-02-12 15:58:03.886686,control,nah,0.0,2025-02-12,2025-02-12 15:58:05.463,941-2025-02-12,,0.4551332068199284,0.37835813156585424,0.01792351368809377,0.422,0.3771403250588484,-0.24661143937296393,0.421,0.197,0.07241783569258262,0.415,bluti,F,5,10,,0
118,3B00199DE5,first visit,2025-02-16 08:15:33.956102,control,nah,0.0,2025-02-16,2025-02-16 08:15:34.965,1-2025-02-16,0.1332274507971411,0.48953694426085903,0.32882905340481744,0.01922370412342656,0.716,0.32837416419168103,-0.3516676281605658,0.715,0.555,0.09795563761578305,0.711,bluti,M,5,11,,1
119,3B00484043,first visit,2025-02-16 08:36:40.274946,control,nah,0.0,2025-02-16,2025-02-16 08:36:41.321,11-2025-02-16,,0.07117829761414052,0.0669063413025874,0.024912984145075527,1.87,0.0669063413025874,0.023655017677224294,1.87,1.874,0.026008359797718605,2.784,bluti,F,5,11,,0
120,01101763D0,first visit,2025-02-16 08:52:22.650641,control,nah,0.0,2025-02-16,2025-02-16 08:52:24.333,23-2025-02-16,0.15525916322636196,0.8718649266322318,0.663380397496079,0.02865578175388984,0.15,0.6488632578617525,-0.5466481995667269,0.146,0.176,0.01559613412031054,0.17,greti,M,6,11,,1
121,3B0019F652,first visit,2025-02-16 09:00:17.947438,control,nah,0.0,2025-02-16,2025-02-16 09:00:19.338,32-2025-02-16,0.08828244836917248,0.24303880512290668,0.2023911622231039,0.014177408864610714,0.874,0.20019656619717982,-0.11817853319388441,0.871,0.632,0.014701846357934124,0.815,bluti,F,5,11,,1
122,3B0049A710,first visit,2025-02-16 09:02:35.745631,control,nah,0.0,2025-02-16,2025-02-16 09:02:37.340,34-2025-02-16,,0.5307268485738245,0.35141706852218535,0.03602818941082543,0.307,0.35141706852218535,-0.39653972863671333,0.307,0.013,0.03620253608868489,0.303,bluti,M,5,11,,0
123,01103FD2E8,first visit,2025-02-16 09:05:50.602696,control,nah,0.0,2025-02-16,2025-02-16 09:05:52.341,39-2025-02-16,,1.0095641191079954,0.6796577448649108,0.03482724912174675,0.859,0.6705861725160941,-0.7481121442952445,0.857,0.093,0.052907840192252226,0.816,greti,F ,5,11,,0
124,3B001857EE,first visit,2025-02-16 09:29:12.196970,control,nah,0.0,2025-02-16,2025-02-16 09:29:13.298,57-2025-02-16,0.11176388624743537,0.28533128881921394,0.23969619685441484,0.0350113175197617,0.989,0.23589931920418084,-0.16044470669392755,0.986,0.417,0.03363826649604268,0.183,bluti,M,6,11,,1
125,3B004CEFFE,first visit,2025-02-16 09:33:32.124585,control,nah,0.0,2025-02-16,2025-02-16 09:33:32.301,64-2025-02-16,0.09242606786063454,0.534573430427742,0.2894498344793517,0.03669104221903129,0.001,0.23558967242906378,-0.4740826163008184,1.86,1.201,0.030768445782730882,0.85,bluti,F,5,11,,0
126,3B0019B8CC,first visit,2025-02-16 09:43:43.393460,control,nah,0.0,2025-02-16,2025-02-16 09:43:44.307,77-2025-02-16,0.15095176378857167,0.8514163215545543,0.5476464751575816,0.05841828016699713,1.238,0.5474476630643215,-0.635312854377891,1.237,0.191,0.09888960894537345,0.296,greti,F,5,11,,1
127,3B004CA42C,first visit,2025-02-16 10:05:02.619518,control,nah,0.0,2025-02-16,2025-02-16 10:05:04.319,91-2025-02-16,0.09949241400676387,0.27502573690610366,0.2477194528530207,0.019739319841842445,1.828,0.2463706473835565,-0.11213268179047235,1.826,0.426,0.02594151884321925,0.397,bluti,F,6,11,,1
128,3B004D0071,first visit,2025-02-16 11:01:19.200976,control,nah,0.0,2025-02-16,2025-02-16 11:01:20.309,143-2025-02-16,,0.49085976784141183,0.40367760509531536,0.03038527784285461,0.929,0.4012162861029553,-0.2616853504056727,0.927,0.683,0.014199185879549539,0.631,bluti,F,5,11,,0
129,011016B2E1,first visit,2025-02-16 11:35:38.559550,control,nah,0.0,2025-02-16,2025-02-16 11:35:40.278,196-2025-02-16,0.10001871535517037,0.21718346948206518,0.2084513502929282,0.06137180612179582,1.097,0.20840304410622076,0.06109957643725709,1.096,1.099,0.03927314698622837,0.549,bluti,F,6,11,,0
130,3B001886D3,first visit,2025-02-16 12:03:22.231102,control,nah,0.0,2025-02-16,2025-02-16 12:03:23.291,260-2025-02-16,0.10024198207179699,0.5714287359917504,0.46401738897048894,0.025346947534568044,5.832,0.45586491660222317,-0.33798747586481,5.829,0.615,0.0543058792369584,5.811,bluti,M,6,11,,0
131,01103F9664,first visit,2025-02-16 16:37:36.990227,control,nah,0.0,2025-02-16,2025-02-16 16:37:38.239,725-2025-02-16,0.16144106353634488,0.7734297669119012,0.557490631186856,0.038523900205634926,0.92,0.557490631186856,-0.5355175061702675,0.92,0.967,0.036574851805126915,0.935,greti,F,6,11,,0
132,3B00199DE5,first visit,2025-02-19 07:08:17.431886,control,nah,0.0,2025-02-19,2025-02-19 07:08:18.601,1-2025-02-19,0.1332274507971411,0.5223540051756589,0.34682492182103913,0.03454609184056725,1.039,0.34634560277334986,-0.386267861116281,1.038,0.001,0.062418839335758064,1.037,bluti,M,5,12,,1
133,3B0018C6F9,first visit,2025-02-19 07:18:57.544113,control,nah,0.0,2025-02-19,2025-02-19 07:18:58.597,6-2025-02-19,0.09116568852265432,0.16841993136591932,0.16674903268547567,0.025330963456763743,1.192,0.16674903268547567,0.022004869380011356,1.192,1.207,0.007074361699224263,0.532,bluti,M,6,12,,0
134,3B00192E1E,first visit,2025-02-19 07:37:35.260037,control,nah,0.0,2025-02-19,2025-02-19 07:37:36.589,9-2025-02-19,0.09188919325350463,0.09404437673296197,0.09085406819006474,0.02361261765399475,0.001,0.09085406819006474,0.016728680617673866,0.001,0.184,0.024455411347317813,0.9,bluti,M,6,12,,1
135,01101763D0,first visit,2025-02-19 07:37:42.781715,control,nah,0.0,2025-02-19,2025-02-19 07:37:43.590,10-2025-02-19,0.15463183270757092,0.7246166754207074,0.5856599623473931,0.04188106418027502,2.105,0.5837784638369363,-0.39326400495349123,2.104,0.958,0.05119244570243839,1.08,greti,M,6,12,,0
136,3B004C6A69,first visit,2025-02-19 08:51:19.932292,control,nah,0.0,2025-02-19,2025-02-19 08:51:21.565,43-2025-02-19,0.09748267259870794,0.5263828212333909,0.4277114827961025,0.12101246169545823,9.776,0.4201328363558585,-0.31484834542329415,9.773,9.064,0.027085954245441402,9.789,bluti,M,6,12,,0
137,3B004CDB63,first visit,2025-02-19 09:19:22.078775,control,nah,0.0,2025-02-19,2025-02-19 09:19:23.556,49-2025-02-19,,0.5113754443807567,0.37893746499104286,0.01473982968784646,0.27,0.3631281837529574,-0.33018363663592504,0.266,0.098,0.01810347243277465,0.066,bluti,M,5,12,,0
138,3B004CA42C,first visit,2025-02-19 09:21:20.965584,control,nah,0.0,2025-02-19,2025-02-19 09:21:22.555,50-2025-02-19,0.09949241400676387,0.48121428164106156,0.32189518398421024,0.03183728923968098,1.733,0.3215213167474599,-0.3561435327564113,1.732,0.233,0.07350140634714156,1.722,bluti,F,6,12,,0
139,01103F9A64,first visit,2025-02-19 09:22:12.338431,control,nah,0.0,2025-02-19,2025-02-19 09:22:13.553,53-2025-02-19,,0.9744375460887704,0.6905062019742169,0.031233605057930484,0.916,0.6837058957066114,-0.6315222212492276,0.914,0.208,0.019597738391174804,1.0,greti,M ,5,12,,0
140,3B004AE3AB,first visit,2025-02-19 09:31:26.503415,control,nah,0.0,2025-02-19,2025-02-19 09:31:27.551,54-2025-02-19,,0.5350967885777645,0.4217859116622022,0.02797993113415229,1.147,0.41875486310512117,-0.30545272322128775,1.145,0.613,0.03217588610382388,0.144,bluti,M,5,12,,0
141,3B00182DFC,first visit,2025-02-19 10:05:26.798971,control,nah,0.0,2025-02-19,2025-02-19 10:05:28.540,64-2025-02-19,0.087753712300349,0.5271600788198022,0.35627916500134643,0.02336300441254224,0.369,0.3559424120118952,-0.3887889659975338,0.368,0.103,0.02293912012754085,0.108,bluti,F,6,12,,1
142,3B004CD4DE,first visit,2025-02-19 10:14:16.337041,control,nah,0.0,2025-02-19,2025-02-19 10:14:17.537,69-2025-02-19,0.09654577349817284,0.6115836646293428,0.4996884781609639,0.030093032380388497,0.232,0.48170104842008543,-0.3665185515677452,0.228,0.143,0.024290187711488914,0.201,bluti,M,5,12,,1
143,3B00191394,first visit,2025-02-19 10:42:48.379640,control,nah,0.0,2025-02-19,2025-02-19 10:42:50.527,74-2025-02-19,0.09355027635123703,0.47914590976960475,0.3986180723845309,0.0218523195074367,0.681,0.39242359298160945,-0.2561246884031177,0.679,0.023,0.015180320027966819,0.051,bluti,F,5,12,,1
144,01103F97C4,first visit,2025-02-19 10:57:24.167951,control,nah,0.0,2025-02-19,2025-02-19 10:57:25.523,92-2025-02-19,0.1568761923925159,0.9895579205258201,0.7487048606040559,0.05919471142853558,2.575,0.7463953253765406,-0.5303337486324506,2.574,1.012,0.040636338246393316,1.09,greti,M ,5,12,,0
145,3B004CEFFE,first visit,2025-02-19 11:02:11.755694,control,nah,0.0,2025-02-19,2025-02-19 11:02:13.522,96-2025-02-19,0.0949183686193646,0.12076101009020286,0.1150926495307155,0.049617563033314445,0.286,0.11059496175604504,0.03973652680253331,0.382,2.47,0.026865219300540942,1.22,bluti,F,5,12,,1
146,3B001857EE,first visit,2025-02-19 11:12:22.616395,control,nah,0.0,2025-02-19,2025-02-19 11:12:22.521,107-2025-02-19,0.162584975374703,0.5981522730054242,0.4954305645227752,0.07280390302307511,0.983,0.401884181653998,-0.44252802570701844,1.782,3.234,0.06332610631714598,1.548,bluti,M,6,12,,0
147,01103FD2E8,first visit,2025-02-19 12:03:56.130069,control,nah,0.0,2025-02-19,2025-02-19 12:03:57.516,151-2025-02-19,,0.2433501793282695,0.24154079068876147,0.0361446056200473,0.037,0.24118179830056505,0.022397831305375537,0.038,0.282,0.04309274577866599,0.608,greti,F ,5,12,,0
148,3B001886D3,first visit,2025-02-19 13:32:11.257782,control,nah,0.0,2025-02-19,2025-02-19 13:32:12.522,264-2025-02-19,0.10462634194607376,0.18681351319414952,0.185719878187668,0.02292613183354944,3.316,0.185719878187668,-0.015605476182560106,3.316,3.244,0.028153122151098095,3.221,bluti,M,6,12,,0
149,3B004CC5C5,first visit,2025-02-19 16:26:25.219954,control,nah,0.0,2025-02-19,2025-02-19 16:26:26.509,494-2025-02-19,0.0911423546047057,0.5106548636397878,0.3969445747625621,0.017097369290982958,2.128,0.3857707589672155,-0.31953955781550863,2.125,1.328,0.1254290937903546,2.116,bluti,F,6,12,,0
150,3B001816CC,first visit,2025-02-19 16:41:21.860971,control,nah,0.0,2025-02-19,2025-02-19 16:41:23.504,525-2025-02-19,0.0890337103336595,0.5567541836661113,0.45739539518081307,0.017855117364831908,0.329,0.452421685988115,-0.32055774307224527,0.327,0.029,0.043240344638822675,0.274,bluti,F,6,12,,1
